Procedure	pribhléid
Procedure	pribhléid
Privileges	athchóiriú
Privileges	pribhléid
Members' Guidelines	leasanna comhaltaí
Government Procedure	nós imeachta rialtais
Administration	riarachán
Investigations and Petitions	imscrúduithe agus achainíocha
North/South Relations	Thuaidh / Theas caidreamh
Agriculture and Environment	Talmhaíocht agus comhshaol
Culture	iompair agus cultúr
European Union	An tAontas Eorpach
Finance	Airgeadais
European Union	An tAontas Eorpach
Finance	Airgeadais
Finance	Airgeadais
Taoiseach	Taoiseach
Foreign Policy	bheartas eachtrach
Healthcare Policy	seirbhísí sláinte
Children	leanaí
Health	cúram sláinte
Justice and Security	ceartas agus slándáil
Punishment	pionós
Education and Social Protection	
Education	oideachais agus cosanta sóisialta
Social Welfare	leasa shóisialaigh
Employment, Business	fostaíochta
Transport, Communications	iompar, cumarsáid
